﻿Tarea,Estado,Prioridad,Issue GitHub,Responsable,Fecha límite
Fallò Github,Bloqueado,Media,,Carlos Adrián Hinojosa Morales,8 de abril de 2025
Documentar proceso de instalación,En progreso,Media,,,9 de abril de 2025
Documentacion,Hecho,Baja,Tenemos un inconveniente de inicio de sesiones en GitHub,Carlos Adrián Hinojosa Morales,10 de abril de 2025
Configurar entorno de desarrollo inicial,En progreso,Alta,,,10 de abril de 2025
Diseñar arquitectura base del proyecto,Ideas,Alta,,,12 de abril de 2025
,Ideas,,,,